{"中山區":{"3-5歲班":57,"2歲專班":17,"總班數":74,"3-5歲班缺額":419,"2歲專班缺額":270,"總缺額":689,"3-5歲核定人數":1710,"2歲核定人數":272,"核定人數":1982,"實際就讀人數":1293,"2歲該區人數":"1404","3-5歲該區人數":4893,"2歲就讀率":0.1424501425,"3-5歲就讀率":26.3846311057},"中正區":{"3-5歲班":33,"2歲專班":4,"總班數":37,"3-5歲班缺額":341,"2歲專班缺額":61,"總缺額":402,"3-5歲核定人數":990,"2歲核定人數":64,"核定人數":1054,"實際就讀人數":652,"2歲該區人數":"1109","3-5歲該區人數":4074,"2歲就讀率":0.2705139766,"3-5歲就讀率":15.9302896416},"信義區":{"3-5歲班":48,"2歲專班":12,"總班數":60,"3-5歲班缺額":360,"2歲專班缺額":188,"總缺額":548,"3-5歲核定人數":1440,"2歲核定人數":192,"核定人數":1632,"實際就讀人數":1084,"2歲該區人數":"1345","3-5歲該區人數":4535,"2歲就讀率":0.2973977695,"3-5歲就讀率":23.8147739802},"內湖區":{"3-5歲班":65,"2歲專班":17,"總班數":82,"3-5歲班缺額":156,"2歲專班缺額":61,"總缺額":217,"3-5歲核定人數":1950,"2歲核定人數":272,"核定人數":2222,"實際就讀人數":2005,"2歲該區人數":"2159","3-5歲該區人數":7317,"2歲就讀率":9.7730430755,"3-5歲就讀率":24.5182451825},"北投區":{"3-5歲班":54,"2歲專班":12,"總班數":66,"3-5歲班缺額":54,"2歲專班缺額":12,"總缺額":66,"3-5歲核定人數":1620,"2歲核定人數":192,"核定人數":1812,"實際就讀人數":1746,"2歲該區人數":"1621","3-5歲該區人數":5802,"2歲就讀率":11.1042566317,"3-5歲就讀率":26.9906928645},"南港區":{"3-5歲班":28,"2歲專班":9,"總班數":37,"3-5歲班缺額":198,"2歲專班缺額":141,"總缺額":339,"3-5歲核定人數":840,"2歲核定人數":144,"核定人數":984,"實際就讀人數":645,"2歲該區人數":"830","3-5歲該區人數":2916,"2歲就讀率":0.3614457831,"3-5歲就讀率":22.0164609053},"士林區":{"3-5歲班":64,"2歲專班":18,"總班數":82,"3-5歲班缺額":64,"2歲專班缺額":18,"總缺額":82,"3-5歲核定人數":1920,"2歲核定人數":288,"核定人數":2208,"實際就讀人數":2126,"2歲該區人數":"1676","3-5歲該區人數":6068,"2歲就讀率":16.1097852029,"3-5歲就讀率":30.5866842452},"大同區":{"3-5歲班":42,"2歲專班":12,"總班數":54,"3-5歲班缺額":266,"2歲專班缺額":188,"總缺額":454,"3-5歲核定人數":1260,"2歲核定人數":192,"核定人數":1452,"實際就讀人數":998,"2歲該區人數":"799","3-5歲該區人數":2872,"2歲就讀率":0.5006257822,"3-5歲就讀率":34.6100278552},"大安區":{"3-5歲班":52,"2歲專班":4,"總班數":56,"3-5歲班缺額":529,"2歲專班缺額":61,"總缺額":590,"3-5歲核定人數":1560,"2歲核定人數":64,"核定人數":1624,"實際就讀人數":1034,"2歲該區人數":"2035","3-5歲該區人數":7309,"2歲就讀率":0.1474201474,"3-5歲就讀率":14.1058968395},"文山區":{"3-5歲班":62,"2歲專班":15,"總班數":77,"3-5歲班缺額":540,"2歲專班缺額":236,"總缺額":776,"3-5歲核定人數":1860,"2歲核定人數":240,"核定人數":2100,"實際就讀人數":1324,"2歲該區人數":"1665","3-5歲該區人數":5949,"2歲就讀率":0.2402402402,"3-5歲就讀率":22.1886031266},"松山區":{"3-5歲班":39,"2歲專班":8,"總班數":47,"3-5歲班缺額":305,"2歲專班缺額":125,"總缺額":430,"3-5歲核定人數":1170,"2歲核定人數":128,"核定人數":1298,"實際就讀人數":868,"2歲該區人數":"1217","3-5歲該區人數":4631,"2歲就讀率":0.2465078061,"3-5歲就讀率":18.6784711725},"萬華區":{"3-5歲班":57,"2歲專班":14,"總班數":71,"3-5歲班缺額":425,"2歲專班缺額":223,"總缺額":648,"3-5歲核定人數":1710,"2歲核定人數":224,"核定人數":1934,"實際就讀人數":1286,"2歲該區人數":"971","3-5歲該區人數":3376,"2歲就讀率":0.1029866117,"3-5歲就讀率":38.0627962085}}